{
  "status": "success",
  "analysis": {
    "tempo": 135.99917763157896,
    "onsets": [
      0.11609977324263039,
      0.4179591836734694,
      0.4179591836734694,
      0.626938775510204,
      0.7894784580498866,
      0.8591383219954648,
      0.9520181405895691,
      1.0913378684807256,
      1.1609977324263039,
      1.1609977324263039,
      1.3931972789115645,
      1.509297052154195,
      1.6021768707482993,
      1.6718367346938776,
      1.7647165532879818,
      2.043356009070295,
      2.391655328798186,
      2.507755102040816,
      2.647074829931973,
      2.716734693877551,
      2.786394557823129,
      2.972154195011338,
      3.1346938775510202,
      3.297233560090703,
      3.4829931972789114,
      3.6919727891156464,
      3.7616326530612243,
      3.8545124716553287,
      3.947392290249433,
      4.040272108843538,
      4.179591836734694,
      4.272471655328798,
      4.388571428571429,
      4.527891156462585,
      4.597551020408163,
      4.690430839002268,
      4.806530612244898,
      4.899410430839002,
      5.015510204081632,
      5.108390022675737,
      5.224489795918367,
      5.363809523809524,
      5.433469387755102,
      5.526349206349207,
      5.7817687074829935,
      5.828208616780046,
      5.897868480725624,
      6.199727891156463,
      6.408707482993197,
      6.617687074829932,
      6.780226757369615,
      6.873106575963718,
      6.942766439909297,
      7.1053061224489795
    ],
    "number_of_notes": 54,
    "duration": 8.076281179138322,
    "techniques": [
      [
        "bend"
      ],
      [
        "unknown"
      ],
      [
        "normal"
      ],
      [
        "normal"
      ],
      [
        "normal"
      ],
      [
        "hammer"
      ],
      [
        "hammer"
      ],
      [
        "hammer"
      ],
      [
        "unknown"
      ],
      [
        "pull"
      ],
      [
        "bend"
      ],
      [
        "hammer"
      ],
      [
        "normal"
      ],
      [
        "bend"
      ],
      [
        "bend"
      ],
      [
        "bend"
      ],
      [
        "normal"
      ],
      [
        "normal"
      ],
      [
        "normal"
      ],
      [
        "normal"
      ],
      [
        "hammer"
      ],
      [
        "bend"
      ],
      [
        "bend"
      ],
      [
        "bend"
      ],
      [
        "hammer"
      ],
      [
        "normal"
      ],
      [
        "normal"
      ],
      [
        "normal"
      ],
      [
        "hammer"
      ],
      [
        "normal"
      ],
      [
        "hammer"
      ],
      [
        "hammer"
      ],
      [
        "normal"
      ],
      [
        "normal"
      ],
      [
        "hammer"
      ],
      [
        "normal"
      ],
      [
        "hammer"
      ],
      [
        "hammer"
      ],
      [
        "hammer"
      ],
      [
        "hammer"
      ],
      [
        "normal"
      ],
      [
        "normal"
      ],
      [
        "hammer"
      ],
      [
        "hammer"
      ],
      [
        "normal"
      ],
      [
        "pull"
      ],
      [
        "normal"
      ],
      [
        "bend"
      ],
      [
        "bend"
      ],
      [
        "bend"
      ],
      [
        "bend"
      ],
      [
        "pull"
      ],
      [
        "normal"
      ],
      [
        "normal"
      ]
    ],
    "metadata": {
      "user_id": "test-user",
      "song_id": "test-song",
      "analysis_type": "simple",
      "task_id": "8fab18a7-888e-49ca-98b1-8ca44dc8ef08"
    },
    "feedback": "\uc544\ub798\ub294 \ud559\uc0dd\ub2d8\uc758 \uae30\ud0c0 \uc5f0\uc8fc \ubd84\uc11d \ub370\uc774\ud130\ub97c \ubc14\ud0d5\uc73c\ub85c \ud55c \uce5c\uc808\ud558\uace0 \uac74\uc124\uc801\uc778 \ud53c\ub4dc\ubc31\uc785\ub2c8\ub2e4. \uc800\ub294 \ud559\uc0dd\ub2d8\uc758 \ub178\ub825\uc744 \uc18c\uc911\ud788 \uc5ec\uae30\uba70, \uc774 \ud53c\ub4dc\ubc31\uc774 \ub354 \ub098\uc740 \uc5f0\uc8fc\ub85c \uc774\uc5b4\uc9c0\ub3c4\ub85d \ub3c4\uc6b8 \uc218 \uc788\uae30\ub97c \ubc14\ub78d\ub2c8\ub2e4. \ubd84\uc11d \ub370\uc774\ud130\ub97c \uaf3c\uaf3c\ud788 \uc0b4\ud3b4\ubcf4\uace0, \uae0d\uc815\uc801\uc778 \uce21\uba74\uc744 \uac15\uc870\ud558\uba74\uc11c\ub3c4 \uc2e4\uc9c8\uc801\uc778 \uc870\uc5b8\uc744 \ub354\ud588\uc2b5\ub2c8\ub2e4. \ud53c\ub4dc\ubc31\uc744 \ub2e4\uc74c\uacfc \uac19\uc740 \uad6c\uc870\ub85c \ub098\ub204\uc5b4 \uc124\uba85\ud558\uaca0\uc2b5\ub2c8\ub2e4.\n\n### 1. \uc5f0\uc8fc\uc758 \uc804\ubc18\uc801\uc778 \ud3c9\uac00\n\ud559\uc0dd\ub2d8\uc758 \uc5f0\uc8fc\ub294 \ub2e4\uc591\ud55c \uae30\ubc95\uc744 \ud65c\uc6a9\ud558\uba70 \ub3c4\uc804\uc801\uc778 \uc2dc\ub3c4\ub97c \ud55c \uc810\uc774 \uc778\uc0c1\uc801\uc785\ub2c8\ub2e4! \ucd1d 54\uac1c\uc758 \ub178\ud2b8\ub97c 8.08\ucd08 \ub3d9\uc548 \uc5f0\uc8fc\ud558\uc168\ub294\ub370, \uc774\ub294 \ube60\ub978 \ud15c\ud3ec\uc5d0\uc11c \uc548\uc815\uc801\uc73c\ub85c \ub178\ud2b8\ub97c \ucc98\ub9ac\ud558\ub824\ub294 \ub178\ub825\uc774 \ub290\uaef4\uc9d1\ub2c8\ub2e4. \uc0ac\uc6a9\ub41c \uae30\ubc95\uc758 \ube44\uc728\uc744 \ubcf4\uba74 (bend 22.2%, hammer 29.6% \ub4f1), \uae30\ubcf8\uc801\uc778 \uc5f0\uc8fc(normal 38.9%)\ub97c \ubc14\ud0d5\uc73c\ub85c \ucc3d\uc758\uc801\uc778 \uc694\uc18c\ub97c \ub354\ud55c \uade0\ud615 \uc7a1\ud78c \uc5f0\uc8fc\ub97c \ubcf4\uc5ec\uc8fc\uc168\uc5b4\uc694. \uc804\uccb4\uc801\uc73c\ub85c \uc5f4\uc815\uc801\uc774\uace0 \ub2e4\ucc44\ub85c\uc6b4 \uc5f0\uc8fc\uc600\uc73c\ub098, \uc77c\ubd80 \ubbf8\ud655\uc778\ub41c \ubd80\ubd84(unknown 3.7%)\uc774 \uc788\uc73c\ub2c8 \uc774\ub97c \ubcf4\uc644\ud558\uba74 \ub354 \ub9e4\ub044\ub7ec\uc6cc\uc9c8 \uc218 \uc788\uc744 \uac70\uc608\uc694. \uc88b\uc740 \uc2dc\uc791\uc810\uc785\ub2c8\ub2e4!\n\n### 2. \ud15c\ud3ec\uc640 \ub9ac\ub4ec\uc5d0 \ub300\ud55c \ud53c\ub4dc\ubc31\n\ud15c\ud3ec\uac00 \uc57d 136 BPM\uc73c\ub85c \uc720\uc9c0\ub41c \uc810\uc740 \ud559\uc0dd\ub2d8\uc758 \ub9ac\ub4ec \uac10\uac01\uc774 \uc5b4\ub290 \uc815\ub3c4 \uc548\uc815\uc801\uc784\uc744 \ubcf4\uc5ec\uc90d\ub2c8\ub2e4. \uc774 \uc18d\ub3c4\ub85c 54\uac1c\uc758 \ub178\ud2b8\ub97c \ucc98\ub9ac\ud558\uc2e0 \uac74 \uc815\ub9d0 \ud6cc\ub96d\ud55c\ub370, \uc774\ub294 \ube60\ub978 \uace1\uc5d0\uc11c \ud544\uc694\ud55c \uc9d1\uc911\ub825\uc744 \ubc1c\ud718\ud558\uc2e0 \ub355\ubd84\uc77c \uac70\uc608\uc694. \uadf8\ub7ec\ub098 \uc5f0\uc8fc \uae38\uc774\uac00 8.08\ucd08\ub85c \uc9e7\uc740 \ud3b8\uc774\ub2c8, \ud15c\ud3ec\uac00 \uc804\uccb4\uc801\uc73c\ub85c \uc77c\uc815\ud558\uac8c \uc720\uc9c0\ub418\uc5c8\ub294\uc9c0 \ud655\uc778\ud574\ubcfc \ud544\uc694\uac00 \uc788\uc5b4\uc694. \ub9cc\uc57d \ud15c\ud3ec\uac00 \uc57d\uac04 \ub4e4\uc465\ub0a0\uc465\ud588\ub2e4\uba74, \ub9ac\ub4ec\uc758 \ud750\ub984\uc774 \ub354 \ubd80\ub4dc\ub7ec\uc6cc\uc9c0\ub3c4\ub85d \uc5f0\uc2b5\ud558\ub294 \uac8c \uc88b\uc744 \uc218 \uc788\uc2b5\ub2c8\ub2e4.\n\n\uac74\uc124\uc801\uc778 \uc870\uc5b8\uc73c\ub85c, \uba54\ud2b8\ub85c\ub188\uc744 \uc0ac\uc6a9\ud574 136 BPM\uc744 \ubaa9\ud45c\ub85c \uc5f0\uc2b5\ud574\ubcf4\uc138\uc694. \uc608\ub97c \ub4e4\uc5b4, \ub178\ud2b8\ub97c \ud558\ub098\uc529 \uc138\uba70 \uc5f0\uc8fc\ud558\uba74 \ub9ac\ub4ec\uc758 \uc815\ud655\uc131\uc744 \ub192\uc77c \uc218 \uc788\uc5b4\uc694. \uc774\ub807\uac8c \ud558\uba74 \ud559\uc0dd\ub2d8\uc758 \uc5f0\uc8fc\uac00 \ub354 \ud504\ub85c\ud398\uc154\ub110\ud574\uc9c8 \uac70\uc608\uc694!\n\n### 3. \uc0ac\uc6a9\ub41c \uae30\ubc95\uc5d0 \ub300\ud55c \ud3c9\uac00\uc640 \uc870\uc5b8\n\ud559\uc0dd\ub2d8\uc758 \uae30\ud0c0 \uae30\ubc95 \uc0ac\uc6a9\uc740 \ub9e4\uc6b0 \ub2e4\ucc44\ub85c\uc6e0\uc5b4\uc694. normal \uae30\ubc95\uc774 38.9%\ub85c \uac00\uc7a5 \ub9ce\uc558\ub294\ub370, \uc774\ub294 \uae30\ubcf8\uc801\uc778 \uc5f0\uc8fc\uc758 \uc548\uc815\uc131\uc744 \ubcf4\uc5ec\uc8fc\ub294 \uac15\uc810\uc785\ub2c8\ub2e4. hammer \uae30\ubc95(29.6%)\ub3c4 \uc790\uc8fc \uc0ac\uc6a9\ud558\uc168\ub124\uc694, \uc774\ub294 \ube60\ub978 \ud504\ub808\uc774\uc9d5\uc744 \uc704\ud574 \uc798 \ud65c\uc6a9\ud558\uc2e0 \ub4ef\ud574\uc694. bend \uae30\ubc95(22.2%)\ub3c4 